{"web":{"client_id":"436771871831-ams15u9utqr1i1mod08pobci16e6m6va.apps.googleusercontent.com","project_id":"tribal-monolith-427213-s2","auth_uri":"https://accounts.google.com/o/oauth2/auth","token_uri":"https://oauth2.googleapis.com/token","auth_provider_x509_cert_url":"https://www.googleapis.com/oauth2/v1/certs","client_secret":"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","redirect_uris":["https://localhost:44350/api/User/register","https://localhost:44350/api/OAuth/callback","https://localhost:44350/signin-google"],"javascript_origins":["https://localhost:44350"]}}